"Client Entity","Strategic Initiative","Consulting Firm","Key KPI","Baseline Performance","Strategic Context & Pain Points","Target State","Investment Estimation","Implementation Risk"
"Bank Rakyat Indonesia (BRI)","Ultra-Micro Digitalization","Inixindo Jogja","Agent Coverage","500k Agents","High operational cost in remote areas. Need to empower agents with better mobile tools.","1M Agents","$15,000,000","Network connectivity in 3T regions"
"Bank Mandiri","Livin' Superapp Acceleration","Inixindo Jogja","Monthly Active Users (MAU)","10 Million","Intense competition from digital banks (Jago, SeaBank). Feature parity achieved, engagement low.","20 Million","$8,000,000","System downtime affecting reputation"
"Bank Central Asia (BCA)","Gen-Z Banking Acquisition","Inixindo Jogja","User Acquisition Cost","$25 per user","Gen Z users prefer neobanks due to UI/UX friction.","$10 per user","$5,000,000","Cybersecurity threats"
"Telkomsel","5G Enterprise Solutions","Inixindo Jogja","B2B Revenue Growth","5% YoY","Consumer data growth stagnating. Opportunity in Smart Mining/Manufacturing.","25% YoY","$50,000,000","Device ecosystem readiness"
"Pertamina","Renewable Energy Transition","Inixindo Jogja","Green Energy Mix","12%","Global shift away from fossil fuels. Need to accelerate geothermal integration.","23% by 2030","$500,000,000","Regulatory uncertainty"
"Unilever Indonesia","Supply Chain Resilience","Inixindo Jogja","Stock-out Rate","5%","Global supply chain disruptions and local distribution inefficiencies.","<1%","$3,000,000","Logistics partner reliability"
"GoTo Group","Green Logistics Integration","Inixindo Jogja","EV Fleet Percentage","2%","High carbon footprint affecting ESG rating.","100% by 2030","$50,000,000","Charging infrastructure"
"Garuda Indonesia","Operational Efficiency","Inixindo Jogja","Cost per ASK (CASK)","High vs LCC","Post-restructuring recovery requires strict cost discipline.","Reduce by 15%","$5,000,000","Fuel price volatility"
"Tokopedia","Hyperlocal Fulfillment","Inixindo Jogja","Same-day Delivery %","15%","High logistics costs for inter-island shipping.","40%","$20,000,000","Warehouse CAPEX"
"PLN (Persero)","Smart Meter (AMI) Rollout","Inixindo Jogja","Bill Accuracy","95%","Manual meter reading prone to errors and fraud.","99.9%","$300,000,000","Public resistance"
"Indosat Ooredoo Hutchison","AI Network Optimization","Inixindo Jogja","Network Downtime","99.5%","Post-merger integration challenges causing signal drops in rural areas.","99.99%","$30,000,000","Legacy hardware compatibility"
"XL Axiata","FMC Strategy (Fixed Mobile Convergence)","Inixindo Jogja","Household Penetration","12%","Need to bundle fiber and mobile to reduce churn and increase ARPU.","25%","$25,000,000","Last-mile fiber rollout costs"
"Bank Negara Indonesia (BNI)","International Remittance Hub","Inixindo Jogja","Transaction Volume","2M Tx/Year","Diaspora market underserved by formal channels, losing share to fintech.","5M Tx/Year","$4,500,000","Cross-border regulatory compliance"
"Bank Tabungan Negara (BTN)","Digital Mortgage Ecosystem","Inixindo Jogja","Approval Time","14 Days","Manual document processing causes high drop-off among millennials.","3 Days","$6,000,000","Data privacy and fraud"
"Astra International","EV Ecosystem Readiness","Inixindo Jogja","Charging Points","50 Stations","Need to support Toyota/Lexus EV rollout to overcome range anxiety.","500 Stations","$40,000,000","Grid partnership with PLN"
"United Tractors","Mining Safety AI","Inixindo Jogja","Accident Rate","0.5/Year","Manual monitoring insufficient for 24/7 autonomous hauling.","Zero Incidents","$12,000,000","AI model accuracy in rain/dust"
"Adaro Energy","Green Aluminium Smelter","Inixindo Jogja","Carbon Intensity","High (Coal)","Buyers demand low-carbon aluminium; current power is coal-based.","Low Carbon Cert","$1,000,000,000","Green financing access"
"Aneka Tambang (ANTAM)","Nickel Downstreaming","Inixindo Jogja","Battery Grade Purity","98.5%","Pressure to move up EV value chain; need HPAL technology.","99.9%","$150,000,000","Waste management (tailings)"
"Vale Indonesia","Sustainable Mining Operations","Inixindo Jogja","Water Recycling Rate","60%","Environmental scrutiny requires higher sustainability standards.","85%","$20,000,000","Community relations"
"Indofood CBP","Global Market Expansion","Inixindo Jogja","Export Revenue %","10%","Domestic saturation; need to penetrate Middle East/Africa with localized flavors.","20%","$10,000,000","Supply chain complexity"
"Mayora Indah","Digital Logistics Tracking","Inixindo Jogja","Delivery Lead Time","7 Days","Lack of real-time visibility on export shipments.","3 Days","$2,500,000","Integration with shipping lines"
"Kalbe Farma","R&D Data Analytics","Inixindo Jogja","Drug Discovery Time","5 Years","Lengthy clinical trials; need AI to simulate molecule interactions.","3 Years","$12,000,000","Talent scarcity in biotech AI"
"Bio Farma","Vaccine Distribution Blockchain","Inixindo Jogja","Cold Chain Integrity","90%","Risk of spoilage during distribution to remote islands.","99.9%","$20,000,000","IoT sensor battery life"
"Kimia Farma","Telemedicine Integration","Inixindo Jogja","Online Sales Mix","5%","Offline pharmacies losing traffic; need app integration.","25%","$6,000,000","Regulatory compliance"
"Semen Indonesia (SIG)","Green Cement Production","Inixindo Jogja","Clinker Factor","75%","High emissions; need alternative fuels and materials.","65%","$50,000,000","Product strength quality control"
"Krakatau Steel","Industry 4.0 Digital Factory","Inixindo Jogja","OEE (Efficiency)","70%","Legacy machinery lacks sensors, causing unplanned downtime.","85%","$25,000,000","OT Cybersecurity"
"Bluebird Group","MaaS (Mobility as a Service)","Inixindo Jogja","Digital Booking %","30%","Competition from ride-hailing; need to integrate taxi/rental/shuttle.","60%","$4,000,000","Driver adoption"
"Kereta Api Indonesia (KAI)","Freight Digitization","Inixindo Jogja","Cargo Tracking","Manual","Revenue loss due to inefficient wagon utilization.","Real-time GPS","$10,000,000","Signal blind spots"
"Pelindo","Smart Port Automation","Inixindo Jogja","Dwell Time","4.5 Days","Port congestion reduces logistics competitiveness.","2.5 Days","$75,000,000","Labor union resistance"
"Angkasa Pura II","Biometric Boarding","Inixindo Jogja","Passenger Flow","15 pax/min","Long queues at security and boarding gates.","30 pax/min","$15,000,000","Privacy concerns"
"Waskita Karya","Financial Restructuring","Inixindo Jogja","Debt-to-Equity","High","Liquidity issues affecting project completion.","Sustainable","$5,000,000","Creditor agreement"
"Wijaya Karya (WIKA)","Smart City Construction","Inixindo Jogja","Green Building Cert","Level 1","Demand for sustainable infrastructure in new capital (IKN).","Platinum","$8,000,000","Green material supply chain"
"Alfamart","Omnichannel Inventory","Inixindo Jogja","Stock Accuracy","85%","Discrepancy between app and store stock causes cancellations.","98%","$7,000,000","POS system integration"
"Indomaret","Loyalty Superapp","Inixindo Jogja","Repeat Purchase Rate","2x/Week","Customers switch based on price; need sticky ecosystem.","4x/Week","$5,500,000","App UI complexity"
"Erajaya","O2O Experience","Inixindo Jogja","Conversion Rate","10%","Customers research online but buy offline without data link.","30%","$4,000,000","Data silos"
"HM Sampoerna","Digital Traceability","Inixindo Jogja","Farmer Productivity","1.2 Ton/Ha","Need to ensure tobacco sustainability and quality.","1.5 Ton/Ha","$10,000,000","Farmer digital literacy"
"Gudang Garam","Automated Warehousing","Inixindo Jogja","Dispatch Speed","4 Hours","Manual loading creates bottlenecks in peak season.","1 Hour","$18,000,000","Workforce reduction management"
"Media Nusantara Citra (MNC)","OTT Platform Growth","Inixindo Jogja","Subscriber Growth","5% QoQ","Linear TV revenue declining; need to accelerate Vision+.","15% QoQ","$20,000,000","Content licensing costs"
"Emtek (SCTV/Indosiar)","Digital Ad Tech","Inixindo Jogja","Ad Revenue Yield","Low","Need better programmatic targeting for digital inventory.","High","$12,000,000","Data privacy laws"
"Cimory","Cold Chain IoT","Inixindo Jogja","Spoilage Rate","3%","Temperature fluctuations in distribution affect milk quality.","<0.5%","$5,000,000","Device maintenance"
"Kopi Kenangan","International Market Entry","Inixindo Jogja","Stores Abroad","10","Need standard operating model for rapid regional expansion.","100","$15,000,000","Local taste adaptation"
"J&T Express","Last Mile AI Optimization","Inixindo Jogja","Delivery Cost","Rp 5k/pkg","Inefficient routing increases fuel and time costs.","Rp 3.5k/pkg","$20,000,000","Courier behavior change"